"altWebsite","companyName","companyWebsite","detailPageUrl","employees","entityId","entityName","firmRating","founded","hourlyRate","location","logoAlt","logoUrl","portfolioCount","profileUrl","reviewCount","reviewHighlight/rating","reviewHighlight/reviewer","reviewHighlight/snippet","scrapedAt","searchUrl","shortDescription","tagline"
"https://www.nan-labs.com/?utm_source=Goodfirms&utm_medium=referral","NaNLABS","https://www.nan-labs.com/?utm_source=Goodfirms&utm_medium=referral","https://www.nan-labs.com/?utm_source=Goodfirms&utm_medium=referral","50 - 249","3257","NaNLABS","4.9","2013","$50 - $99/hr","Buenos Aires, Argentina","NaNLABS","https://assets.goodfirms.co/services/medium/3257_595f593f8369b.png",,"https://www.goodfirms.co/company/nanlabs","32","5.0","Jeff Starr, Founder at Zoetrope, Inc","Reliable Project Manager Who Kept Us Aligned.","2025-12-04T09:38:36.689Z","https://www.goodfirms.co/directory/country/top-software-development-companies/ar","NaNLABS is a top-rated custom software development company with offices in the USA, France, and Argentina. With NaNLABS, you get more than doers; you get experts who think ahead, challenge ideas, and build with you. They work as one team, united by one goal: overcoming your data challenges so you ... read NaNLABS reviews & insights","Your Tech Sidekick"
"https://beon.tech/companies?utm_source=Goodfirms&utm_medium=referral","BEON.tech","https://beon.tech/companies?utm_source=Goodfirms&utm_medium=referral","https://beon.tech/companies?utm_source=Goodfirms&utm_medium=referral","50 - 249","13416","BEON.tech","4.9","2018","$25 - $49/hr","Buenos Aires, Argentina","BEON.tech","https://assets.goodfirms.co/services/medium/beon-tech-studio-formerly-moobile.png",,"https://www.goodfirms.co/company/beon-tech","39","5.0","Justin Shane, Co-Founder at SoftServ","We’ve worked with teams from around the world, and BEON Tech Studio has been one of the best.","2025-12-04T09:38:36.690Z","https://www.goodfirms.co/directory/country/top-software-development-companies/ar","We connect top 1%, English-proficient, academically strong, and AI-enabled engineers from Latin America with U.S. companies that want to scale their teams with world-class talent.

🏆 Ranked #1 in Clutch’s Global Staff Augmentation list
🏅 Named the #1 Great Place to Work for Millennials

In today’s AI-powered world, the most ... read BEON.tech reviews & insights","Unlocking Innovation with Top AI Talent"
"http://intermediait.com/","Intermedia","https://www.goodfirms.co/company/intermedia","https://www.goodfirms.co/company/intermedia","10 - 49","3224","Intermedia","4.9","2012","$25 - $49/hr","Buenos Aires, Argentina","Intermedia","https://assets.goodfirms.co/services/medium/intermedia.png",,"https://www.goodfirms.co/company/intermedia","17","5.0","Leonardo Redolatti, Head of Business Development at Stormtech Labs","They are very personable. It might sound unusual, but the exceptional customer service we received was one of the highlights.","2025-12-04T09:38:36.690Z","https://www.goodfirms.co/directory/country/top-software-development-companies/ar","Intermedia, the Intelligent Team Provider leader, empowers any enterprise with the strategic agility to deliver the critical software they need to compete and win.

Intermedia Intelligent Teams partner with you to innovate, develop, deploy, and operate both tactical and strategic  software-based solutions at the highest quality and speed—while minimizing risk ... read Intermedia reviews & insights","AI & Software Technologists"
"https://www.tecsolutions.com.ar/","Tec Solutions Network","https://www.goodfirms.co/company/tec-solutions-network","https://www.goodfirms.co/company/tec-solutions-network","10 - 49","3541","Tec Solutions Network","5.0","2009","$25 - $49/hr","Buenos Aires, Argentina","Tec Solutions Network","https://assets.goodfirms.co/services/medium/tec-solutions-network.png",,"https://www.goodfirms.co/company/tec-solutions-network","3","5.0","Nicolas Massri, Founder at Mytryouts","Great people and great workers!","2025-12-04T09:38:36.690Z","https://www.goodfirms.co/directory/country/top-software-development-companies/ar","Tec Solutions is a software and application development company that has been providing IT services globally for over 16 years. Focused on innovation, we work with the latest technologies, offering quality, scalable, and competitive solutions.

Leading companies such as Google, Coca Cola and Fox have trusted in Tec Solutions professionalism. We ... read Tec Solutions Network reviews & insights","We build Software."
"http://www.outsourcingdev.com","OutsourcingDev","https://www.goodfirms.co/company/international-dba","https://www.goodfirms.co/company/international-dba","Freelancer","17449","OutsourcingDev","5.0","2018","$25 - $49/hr","Cordoba, Argentina","OutsourcingDev","https://assets.goodfirms.co/services/medium/international-dba.png",,"https://www.goodfirms.co/company/international-dba","1","5.0","Paulo Zuliani, Senior SQL Server developer at Truelogic Software","Excellent! serious company","2025-12-04T09:38:36.690Z","https://www.goodfirms.co/directory/country/top-software-development-companies/ar","End-to-end solutions combining the best of software engineering, innovation and design
OutsourcingDev focus in software outsourcing and IT staff augmentation projects.We are an experienced team of professionals entirely dedicated to working on our client's technology projects.","Software Development Outsourcing Company"
"http://www.proyecto404.com/","404","https://www.goodfirms.co/company/404","https://www.goodfirms.co/company/404","10 - 49","9278","404","4.8","2011","$25 - $49/hr","Buenos Aires, Argentina","404","https://assets.goodfirms.co/services/medium/10028_5b685634ae931.png",,"https://www.goodfirms.co/company/404","4","5.0","Federico Obrutsky, Gerente de Producto at VeriTran","Overall great development experience over years","2025-12-04T09:38:36.690Z","https://www.goodfirms.co/directory/country/top-software-development-companies/ar","404 is a software boutique based in Buenos Aires with 7 years of experience. We are a solid small team composed by 11 experienced professionals on web & mobile development, UX / UI design, and product discovery / definition.

We are obsessed with product internal and external quality, from simple and elegant code, to flows ... read 404 reviews & insights","Building smart products"
"http://www.truelogicsoftware.com","Truelogic Software","https://www.goodfirms.co/company/truelogic-software","https://www.goodfirms.co/company/truelogic-software","50 - 249","3212","Truelogic Software","5.0","2003","$50 - $99/hr","Santa Fe, Argentina","Truelogic Software","https://assets.goodfirms.co/services/medium/3212_595b388267870.png",,"https://www.goodfirms.co/company/truelogic-software","1","5.0","Charlie Moore, CEO at MuniAxis, Inc.","A terrific partner and reliable extension to our team!","2025-12-04T09:38:36.690Z","https://www.goodfirms.co/directory/country/top-software-development-companies/ar","Truelogic Software, an Inc. 5000 company,  is an innovative technology services company that specializes in custom web and mobile software development firm that leverages global facilities, senior engineers, more than 10 years of experience and methodologies to help you reduce operating costs and shorten timelines.","High Performance Engineering"
"https://www.theappmaster.com/","The App Master","https://www.goodfirms.co/company/the-app-master","https://www.goodfirms.co/company/the-app-master","10 - 49","122122","The App Master","","2010","NA","Buenos Aires, Argentina","The App Master","https://assets.goodfirms.co/services/medium/the-app-master.jpeg",,"https://www.goodfirms.co/company/the-app-master",,"","","","2025-12-04T09:38:36.690Z","https://www.goodfirms.co/directory/country/top-software-development-companies/ar","Based in Argentina and founded in 2009, at TAM we dream and build digital experiences every day.

Since our foundation we have developed more than 250 projects and we are always aspiring to form a team with people who share our values:

Respect and Empathy
Commitment
Innovation
Excellence and Quality","Much more than just Software"
"https://www.rightpartner.io","RightPartner","https://www.goodfirms.co/company/rightpartner","https://www.goodfirms.co/company/rightpartner","10 - 49","54958","RightPartner","5.0","","$25 - $49/hr","Buenos Aires, Argentina","RightPartner","https://assets.goodfirms.co/services/medium/rightpartner.jpg",,"https://www.goodfirms.co/company/rightpartner","1","5.0","Ori Elraviv, CEO  at of Literally Media","Reliable & Trusworthy","2025-12-04T09:38:36.690Z","https://www.goodfirms.co/directory/country/top-software-development-companies/ar","RightPartner is a software development services company based in Argentina and providing near shore services to companies a broad.

We turn ideas into great digital products with strong focus in building long term relationships with our clients.

Our main expertise is developing native mobile apps and web projects regardless of ... read RightPartner reviews & insights","Transforming ideas into great digital products."
"https://www.newbitcrew.com/","NewBitCrew","https://www.goodfirms.co/company/newbitcrew","https://www.goodfirms.co/company/newbitcrew","2 - 9","63383","NewBitCrew","5.0","2018","$25 - $49/hr","Distrito Federal, Argentina","NewBitCrew","https://assets.goodfirms.co/services/medium/newbitcrew.PNG",,"https://www.goodfirms.co/company/newbitcrew","1","5.0","Eric Höfferle","App Dev for Financial Services Company","2025-12-04T09:38:36.690Z","https://www.goodfirms.co/directory/country/top-software-development-companies/ar","Socios

Entendemos nuestro compromiso con nuestros clientes como un pilar fundamental en la relación de confianza. Nos esforzamos por comprender sus inquietudes y acercarlas a la solución más práctica y eficiente para cada caso.
Apostamos por el trabajo en equipo para lograr colaboraciones y experiencias enriquecedoras en pos de la ... read NewBitCrew reviews & insights","We Build Trust"
"https://www.42mate.com/","42mate","https://www.goodfirms.co/company/42mate","https://www.goodfirms.co/company/42mate","10 - 49","3223","42mate","5.0","2013","$50 - $99/hr","Resistencia, Argentina","42mate","https://assets.goodfirms.co/services/medium/42mate.png",,"https://www.goodfirms.co/company/42mate","1","5.0","Anthony Lattanzio at Motion Picture Space","Review for 42mate","2025-12-04T09:38:36.690Z","https://www.goodfirms.co/directory/country/top-software-development-companies/ar","We are a highly skilled web agency specialized in the design, development, maintenance and improvement of internet applications.We are a small web development agency that was born when three engineers, after years of seeing how consultants were doing it all wrong, decided to do the right thing for both the ... read 42mate reviews & insights","Modern Web Apps Development"
"https://tuxdi.com/","Tuxdi","https://www.goodfirms.co/company/tuxdi","https://www.goodfirms.co/company/tuxdi","10 - 49","67612","Tuxdi","5.0","2013","$25 - $49/hr","Buenos Aires, Argentina","Tuxdi","https://assets.goodfirms.co/services/medium/tuxdi.jpg",,"https://www.goodfirms.co/company/tuxdi","1","5.0","Fede Jorge, CEO at Streto LLC","Tuxdi is the Perfect IT Partner for Branding and Web Design","2025-12-04T09:38:36.690Z","https://www.goodfirms.co/directory/country/top-software-development-companies/ar","Who We Are
We are a company born in Tandil, Argentina. We are a team of 25 experts in interface design, UX design and frontend development. As an established UX design agency with over 10 years of experience, we have worked in fintech, fashion, digital solutions, traveling, education, healthcare industries, ... read Tuxdi reviews & insights","Making ideas realized"
"https://sinaptia.dev","Sinaptia","https://www.goodfirms.co/company/sinaptia","https://www.goodfirms.co/company/sinaptia","10 - 49","113714","Sinaptia","","2013","$50 - $99/hr","Buenos Aires, Argentina","Sinaptia","https://assets.goodfirms.co/services/medium/sinaptia.png",,"https://www.goodfirms.co/company/sinaptia",,"","","","2025-12-04T09:38:36.690Z","https://www.goodfirms.co/directory/country/top-software-development-companies/ar","We are a mixed team of passionate developers and designers who love building meaningful digital products.

We believe that if there is trust on both sides, we can build a long-term partnership. we are used to working remotely, so we know that the key to making things happen is good ... read Sinaptia reviews & insights","Shaping digital excellence"
"https://www.oliver.ar","Oliver","https://www.goodfirms.co/company/oliver","https://www.goodfirms.co/company/oliver","10 - 49","105929","Oliver","","2004","$25 - $49/hr","Rio Cuarto, Argentina","Oliver","https://assets.goodfirms.co/services/medium/oliver.jpg",,"https://www.goodfirms.co/company/oliver",,"","","","2025-12-04T09:38:36.690Z","https://www.goodfirms.co/directory/country/top-software-development-companies/ar","With more than 20 years of experience in software development, Oliver is an excellent option to meet wide range of company’s needs. Our developers have all the technical skills necessary to successfully provide diverse technical solutions, across a wide range of software platforms.

Our main experience is based in multiplatform ... read Oliver reviews & insights","Software development company"
"https://0gaming.xyz/","0gaming","https://www.goodfirms.co/company/0gaming","https://www.goodfirms.co/company/0gaming","10 - 49","174037","0gaming","","2023","< $25/hr","Buenos Aires, Argentina","0gaming","https://assets.goodfirms.co/services/medium/0gaming.png",,"https://www.goodfirms.co/company/0gaming",,"","","","2025-12-04T09:38:36.690Z","https://www.goodfirms.co/directory/country/top-software-development-companies/ar","We build your idea, we power up iGaming. We turn ideas into iGaming experiences that captivate players and grow your business.


	Custom Game Development: Tailor-made games with cutting-edge technology that engage players and maximize revenue.
	Integration Services: Seamless integration of payment systems, data feeds, and third-party platforms for a unified ... read 0gaming reviews & insights","We build your idea, we power up iGaming"
"https://www.wakapi.com/en/","Wakapi","https://www.goodfirms.co/company/wakapi-2","https://www.goodfirms.co/company/wakapi-2","50 - 249","156555","Wakapi","","2006","$25 - $49/hr","Mendoza, Argentina","Wakapi","https://assets.goodfirms.co/services/medium/wakapi-2.png",,"https://www.goodfirms.co/company/wakapi-2",,"","","","2025-12-04T09:38:36.690Z","https://www.goodfirms.co/directory/country/top-software-development-companies/ar","Wakapi is a Software Services and Solutions company, founded in 2006. It was conceived with the goal of providing top-quality software outsourcing services to the world. Over the past two decades, we have cultivated enduring partnerships with a diverse range of clients, going from startups to Fortune 100 enterprises. Technology ... read Wakapi reviews & insights","Software Services & Solutions"
"https://www.possumus.tech/","Possumus","https://www.goodfirms.co/company/possumus","https://www.goodfirms.co/company/possumus","50 - 249","123057","Possumus","","2005","$25 - $49/hr","San Rafael, Argentina","Possumus","https://assets.goodfirms.co/services/medium/possumus.png",,"https://www.goodfirms.co/company/possumus",,"","","","2025-12-04T09:38:36.690Z","https://www.goodfirms.co/directory/country/top-software-development-companies/ar","We develop digital products and services, focused on the users’ best experience. We also lead our partners to a complete digital transformation.

We bet for innovation, and we do it through the smartest integration of human resources and technology. This results in careful digitalization processes that become technological solutions for ... read Possumus reviews & insights","Build software, value, and positive experiences"
"https://friwi.co/","Friwi","https://www.goodfirms.co/company/friwi","https://www.goodfirms.co/company/friwi","10 - 49","143913","Friwi","","","NA","Buenos Aires, Argentina","Friwi","https://assets.goodfirms.co/services/medium/friwi.PNG",,"https://www.goodfirms.co/company/friwi",,"","","","2025-12-04T09:38:36.690Z","https://www.goodfirms.co/directory/country/top-software-development-companies/ar","Technology is transforming the world and many opportunities are opening up before us. We want to be your strategic partner to transform those opportunities into realities.We are a multidisciplinary team that puts all our experience and inspiration at your service to build sustainable and scalable projects.","Soluciones blockchain"
"https://cys.com.ar/","C&S Solutions","https://www.goodfirms.co/company/c-s-solutions","https://www.goodfirms.co/company/c-s-solutions","10 - 49","143923","C&S Solutions","","","NA","Buenos Aires, Argentina","C&S Solutions","https://assets.goodfirms.co/services/medium/c-s-solutions.PNG",,"https://www.goodfirms.co/company/c-s-solutions",,"","","","2025-12-04T09:38:36.690Z","https://www.goodfirms.co/directory/country/top-software-development-companies/ar","We passionately devote ourselves to the development of software solutions tailored to well known companies. We create important digital applications with a simple and functional design but innovative for its users. Aimed at an efficient process we provide assistance in each step, from consulting, development, implementation and training of our ... read C&S Solutions reviews & insights","Performing Evolution"
"https://www.evaluandosoftware.com/","Evaluating Software","https://www.goodfirms.co/company/evaluating-software","https://www.goodfirms.co/company/evaluating-software","10 - 49","147615","Evaluating Software","","2007","NA","Buenos Aires, Argentina","Evaluating Software","https://assets.goodfirms.co/services/medium/evaluating-software.PNG",,"https://www.goodfirms.co/company/evaluating-software",,"","","","2025-12-04T09:38:36.690Z","https://www.goodfirms.co/directory/country/top-software-development-companies/ar","We are a team of professionals that works to help other companies digitalize their management. To do this, we build a relationship with the information technology ecosystem.In 2008 we started the company adding the experience of many years – professionals working in the industry with different roles. Today, with more ... read Evaluating Software reviews & insights","We work so that other companies digitize"
"https://10pines.com/","10Pines","https://www.goodfirms.co/company/10pines","https://www.goodfirms.co/company/10pines","50 - 249","157993","10Pines","","2009","$50 - $99/hr","Buenos Aires, Argentina","10Pines","https://assets.goodfirms.co/services/medium/10pines.png",,"https://www.goodfirms.co/company/10pines",,"","","","2025-12-04T09:38:36.690Z","https://www.goodfirms.co/directory/country/top-software-development-companies/ar","We build custom software solutions using Agile methodologies. 

We are a horizontal organization with a unique culture based on respect, trust and transparency 

We believe in doing things differently and as a certified B Corp, we are committed to make a positive impact on our workers, customers, community, and environment.  ... read 10Pines reviews & insights","We craft your ideas"
"http://www.infogestion.com.ar/","Infogestion","https://www.goodfirms.co/company/infogestion","https://www.goodfirms.co/company/infogestion","10 - 49","3260","Infogestion","","2013","$25 - $49/hr","Buenos Aires, Argentina","Infogestion","https://assets.goodfirms.co/services/medium/3260_595f6154a58a5.png",,"https://www.goodfirms.co/company/infogestion",,"","","","2025-12-04T09:38:36.690Z","https://www.goodfirms.co/directory/country/top-software-development-companies/ar","Infogestión was born with the objective of integrating the knowledge of professionals in Business Management and the new Technologies available in the market, always focusing on service and training to organizations.

For more than 15 years we have worked to achieve this goal and to understand each organization as if ... read Infogestion reviews & insights","Specialist In Providing Solutions"
"https://www.virtualmind.com/","Virtualmind","https://www.goodfirms.co/company/virtualmind","https://www.goodfirms.co/company/virtualmind","50 - 249","20942","Virtualmind","","2005","NA","Buenos Aires, Argentina","Virtualmind","https://assets.goodfirms.co/services/medium/virtualmind.png",,"https://www.goodfirms.co/company/virtualmind",,"","","","2025-12-04T09:38:36.690Z","https://www.goodfirms.co/directory/country/top-software-development-companies/ar","We develop customized software solutions for web & mobile platforms and provide  IT staff augmentation services to clients from all over the world. We strive to balance our clients´ business goals, engineering work and customer experience with the flexibility and efficiency that can be accomplished by a strategic partnership.

More ... read Virtualmind reviews & insights","Staff augmentation servicies."
"https://www.kenility.com","Kenility","https://www.goodfirms.co/company/kenility","https://www.goodfirms.co/company/kenility","10 - 49","51318","Kenility","","2018","$50 - $99/hr","Cordoba, Argentina","Kenility","https://assets.goodfirms.co/services/medium/kenility.PNG",,"https://www.goodfirms.co/company/kenility",,"","","","2025-12-04T09:38:36.690Z","https://www.goodfirms.co/directory/country/top-software-development-companies/ar","Kenility is a digitally native company focused on helping companies embrace digital transformation, automate business processes, and create a competitive advantage through the use of technology. We are driven by the purpose and the commitment to deliver high-quality, high-value, tech-savvy IT solutions: IT Consulting, IT Staffing Services, and Custom Software ... read Kenility reviews & insights","Helping companies leverage technology"
"https://patagonian.com","Patagonian","https://www.goodfirms.co/company/patagonian","https://www.goodfirms.co/company/patagonian","50 - 249","98578","Patagonian","","2013","$25 - $49/hr","Bariloche, Argentina","Patagonian","https://assets.goodfirms.co/services/medium/patagonian.PNG",,"https://www.goodfirms.co/company/patagonian",,"","","","2025-12-04T09:38:36.690Z","https://www.goodfirms.co/directory/country/top-software-development-companies/ar","Patagonian started out in 2013 as the garage tech project of two engineers that did not want to leave their hometown in Patagonia, and have since evolved into a multinational tech company with development centers in Argentina, Colombia and offices in the USA.

The region, with an untapped talent pool, top ... read Patagonian reviews & insights","Building great digital solutions"
"https://uosolutions.com/","UO Solutions","https://www.goodfirms.co/company/uo-solutions-1","https://www.goodfirms.co/company/uo-solutions-1","10 - 49","143507","UO Solutions ","","1999","NA","Buenos Aires, Argentina","UO Solutions ","https://assets.goodfirms.co/services/medium/uo-solutions-1.PNG",,"https://www.goodfirms.co/company/uo-solutions-1",,"","","","2025-12-04T09:38:36.690Z","https://www.goodfirms.co/directory/country/top-software-development-companies/ar","We are a digitally agile company that executes data-driven strategies and disruptive ideas to empower our partners, inspire their digital growth, and scale their business. We've been working alongside Ford, Pepsi, and Santander (among many others!) to help them grow stronger and better through growth marketing, performance, development, and content ... read UO Solutions  reviews & insights","The Digital Production Company"
"http://www.hexacta.com/","Hexacta","https://www.goodfirms.co/company/hexacta","https://www.goodfirms.co/company/hexacta","250 - 999","3246","Hexacta","","1999","$25 - $49/hr","Buenos Aires, Argentina","Hexacta","https://assets.goodfirms.co/services/medium/hexacta.png",,"https://www.goodfirms.co/company/hexacta",,"","","","2025-12-04T09:38:36.690Z","https://www.goodfirms.co/directory/country/top-software-development-companies/ar","Hexacta, a GlobalLogic company, offers end-to-end digital and data engineering services, delivering nearshore and offshore custom software development, testing, and user interface design. The company is headquartered in Uruguay and has additional innovation hubs in Argentina, Colombia, Peru, and the United States. Enterprise customers from a wide range of industries—EdTech, ... read Hexacta reviews & insights","Software Development"
"https://www.fluxitsoft.com/en/nearshore","Flux IT","https://www.goodfirms.co/company/flux-it","https://www.goodfirms.co/company/flux-it","50 - 249","9256","Flux IT","","2008","$25 - $49/hr","Buenos Aires, Argentina","Flux IT","https://assets.goodfirms.co/services/medium/flux-it.jpg",,"https://www.goodfirms.co/company/flux-it",,"","","","2025-12-04T09:38:36.690Z","https://www.goodfirms.co/directory/country/top-software-development-companies/ar","We are a crew of devs, software architects, and product & UX designers ready to face any challenge in the digital world.

With 14 years in the industry working for 90+ clients all over the world, our squads (200+ fluxers) have strong technical skills and they master the latest programming ... read Flux IT reviews & insights","High quality IT Services for Startups and SMB"
"http://avalith.net","Avalith","https://www.goodfirms.co/company/avalith","https://www.goodfirms.co/company/avalith","50 - 249","18675","Avalith","","2011","NA","Buenos Aires, Argentina","Avalith","https://assets.goodfirms.co/services/medium/avalith.jpg",,"https://www.goodfirms.co/company/avalith",,"","","","2025-12-04T09:38:36.690Z","https://www.goodfirms.co/directory/country/top-software-development-companies/ar","With 13+ years in the market, AVALITH. has positioned itself as an enabler of companies in software development. Our growth has been constant and due to the conformity with our provided services, we have been able to work from startups to fortune 500 companies.","Software Development & Staff Augmentation Services"
"https://www.simtlix.com","SimTLiX","https://www.goodfirms.co/company/simtlix","https://www.goodfirms.co/company/simtlix","50 - 249","53191","SimTLiX","","2014","$25 - $49/hr","Cordoba, Argentina","SimTLiX","https://assets.goodfirms.co/services/medium/simtlix.png",,"https://www.goodfirms.co/company/simtlix",,"","","","2025-12-04T09:38:36.690Z","https://www.goodfirms.co/directory/country/top-software-development-companies/ar","SimTLiX is a software development organization focused on the simplification of new technologies to solve companies' needs.

The company grew up as a merge between professionals working among the most prestigious multinational companies and dedicated researchers with years of academic devotion to understand and define future technologies and development processes. ... read SimTLiX reviews & insights","Nearshore Custom Software Development"
"https://origami-soft.com","Origami Software","https://www.goodfirms.co/company/origami-software","https://www.goodfirms.co/company/origami-software","10 - 49","107591","Origami Software","","2017","$25 - $49/hr","Mendoza, Argentina","Origami Software","https://assets.goodfirms.co/services/medium/origami-software.png",,"https://www.goodfirms.co/company/origami-software",,"","","","2025-12-04T09:38:36.690Z","https://www.goodfirms.co/directory/country/top-software-development-companies/ar","Somos una empresa especializada en análisis, diseño y desarrollo de soluciones digitales que busca responder integralmente a las necesidades de sus clientes, para facilitar el alcance de sus objetivos.","Boutique development Company"
"http://solutica.com.ar/","Solutica SRL","https://www.goodfirms.co/company/solutica-srl","https://www.goodfirms.co/company/solutica-srl","10 - 49","131184","Solutica SRL","","2008","$25 - $49/hr","Buenos Aires, Argentina","Solutica SRL","https://assets.goodfirms.co/services/medium/solutica-srl.png",,"https://www.goodfirms.co/company/solutica-srl",,"","","","2025-12-04T09:38:36.690Z","https://www.goodfirms.co/directory/country/top-software-development-companies/ar","Located in Buenos Aires, Argentina, Solutica is a company with proven experience in integration projects, development of customized software technology solutions. Our service offer is the result of more than 15 years of experience in providing professional services to our customers on LATAM, USA and Europe.

Our work has the quality ... read Solutica SRL reviews & insights","Solutica"
"https://vanguardev.com/","Vanguardev","https://www.goodfirms.co/company/vanguardev","https://www.goodfirms.co/company/vanguardev","2 - 9","175953","Vanguardev","","2023","< $25/hr","Buenos Aires, Argentina","Vanguardev","https://assets.goodfirms.co/services/medium/vanguardev.png",,"https://www.goodfirms.co/company/vanguardev",,"","","","2025-12-04T09:38:36.690Z","https://www.goodfirms.co/directory/country/top-software-development-companies/ar","We offer cutting-edge services in artificial intelligence, web development, robust deployments, and data analytics, designed to take your business to the next level.Our team creates apps and tools accessible from any internet-connected device to keep your business running smoothly.","Bring Your Idea to Life"
"https://braintly.com/","Braintly","https://www.goodfirms.co/company/braintly","https://www.goodfirms.co/company/braintly","10 - 49","3262","Braintly","","2012","$25 - $49/hr","Buenos Aires, Argentina","Braintly","https://assets.goodfirms.co/services/medium/braintly.png",,"https://www.goodfirms.co/company/braintly",,"","","","2025-12-04T09:38:36.690Z","https://www.goodfirms.co/directory/country/top-software-development-companies/ar","We've been building software for more than 12 years and we love what we do. We make the kind of software that businesses really need. If you've got an idea and want to see it come to life, or if your current software needs a boost, we've got your back. ... read Braintly reviews & insights","we design and develop software."
"https://www.tryteck.com.ar/","Tryteck Consulting Group","https://www.goodfirms.co/company/tryteck-consulting-group","https://www.goodfirms.co/company/tryteck-consulting-group","10 - 49","92906","Tryteck Consulting Group","","2010","$25 - $49/hr","Buenos Aires, Argentina","Tryteck Consulting Group","https://assets.goodfirms.co/services/medium/tryteck-consulting-group.png",,"https://www.goodfirms.co/company/tryteck-consulting-group",,"","","","2025-12-04T09:38:36.690Z","https://www.goodfirms.co/directory/country/top-software-development-companies/ar","WE CREATE SOLUTIONS We carry out the complete process of digital transformation of your company and / or business, redefining traditional business models. We help you create, adapt and position your brand, product or service. increase your profits, reach more customers and expand your sales range through our services.

We ... read Tryteck Consulting Group reviews & insights","WE CREATE SOLUTIONS"
"https://www.ratherlabs.com/","Rather Labs, Inc","https://www.goodfirms.co/company/rather-labs-inc","https://www.goodfirms.co/company/rather-labs-inc","50 - 249","113948","Rather Labs, Inc","","2020","$50 - $99/hr","Buenos Aires, Argentina","Rather Labs, Inc","https://assets.goodfirms.co/services/medium/rather-labs-inc.png",,"https://www.goodfirms.co/company/rather-labs-inc",,"","","","2025-12-04T09:38:36.690Z","https://www.goodfirms.co/directory/country/top-software-development-companies/ar","Rather Labs embarked on its journey in July 2020, fueled by the entrepreneurial spirit of our founders and their commitment to creating advanced applications, captivating games, and beyond.

Today, we've scaled to impressive heights. Our team boasts over 100 dedicated professionals, and we've formed successful partnerships with more than 30 ... read Rather Labs, Inc reviews & insights","Innovation Partners"
"https://siblingssoftware.com.ar","Siblings Software Argentina","https://www.goodfirms.co/company/siblings-software-argentina","https://www.goodfirms.co/company/siblings-software-argentina","10 - 49","132368","Siblings Software Argentina","","2018","$25 - $49/hr","Cordoba, Argentina","Siblings Software Argentina","https://assets.goodfirms.co/services/medium/siblings-software-argentina.png",,"https://www.goodfirms.co/company/siblings-software-argentina",,"","","","2025-12-04T09:38:36.690Z","https://www.goodfirms.co/directory/country/top-software-development-companies/ar","We are a leading company in software development outsourcing services. Based in Argentina, more precisely in the city of Cordoba, we specialize in providing nearshore software development services to companies in the United States and Canada. We also provide offshore services to companies in Europe and the United Kingdom.
With ... read Siblings Software Argentina reviews & insights","Software Development Outsourcing Company"
"https://interinnova.com","Interinnova","https://www.goodfirms.co/company/interinnova","https://www.goodfirms.co/company/interinnova","50 - 249","139078","Interinnova","","2016","$25 - $49/hr","Distrito Federal, Argentina","Interinnova","https://assets.goodfirms.co/services/medium/innovativedev-global.jpg",,"https://www.goodfirms.co/company/interinnova",,"","","","2025-12-04T09:38:36.690Z","https://www.goodfirms.co/directory/country/top-software-development-companies/ar","Your AI-Powered Agile engineering team.

We love building great software and creating outstanding user experiences.

At Interinnova, we help companies design, build, and launch with AI — improving results, cutting costs, and accelerating growth.

We work with top talent across Latin America and Spain, supported by a strong network of ... read Interinnova reviews & insights","AI-Powered Software Development & Globant Talent"
"https://www.novitsoftware.com/","Novit","https://www.goodfirms.co/company/novit","https://www.goodfirms.co/company/novit","10 - 49","143917","Novit","","","NA","Buenos Aires, Argentina","Novit","https://assets.goodfirms.co/services/medium/novit.PNG",,"https://www.goodfirms.co/company/novit",,"","","","2025-12-04T09:38:36.690Z","https://www.goodfirms.co/directory/country/top-software-development-companies/ar","We are a software engineering company, conceived by a group of professionals who work to accompany the processes of digital transformation of our clients. Our squads of software development join our partners and clients to build up teams of professionals that work hand in hand. We’re passionate about technology and ... read Novit reviews & insights","We make the complex simple."
"https://quarantineinteractive.com/","Quarantine Interactive","https://www.goodfirms.co/company/quarantine-interactive","https://www.goodfirms.co/company/quarantine-interactive","2 - 9","173472","Quarantine Interactive","","2009","$25 - $49/hr","Buenos Aires, Argentina","Quarantine Interactive","https://assets.goodfirms.co/services/medium/quarantine-interactive.png",,"https://www.goodfirms.co/company/quarantine-interactive",,"","","","2025-12-04T09:38:36.690Z","https://www.goodfirms.co/directory/country/top-software-development-companies/ar","Subject: Introducing Quarantine Interactive – Your Partner in Art and Animation Services

Dear clients,

I hope this message finds you well. My name is Diego M. Martinez, and I am the C.E.O. and Principal Artist at Quarantine Interactive. We are a dedicated team of eight professionals specializing in providing top-quality ... read Quarantine Interactive reviews & insights","Quarantine Interactive"
"https://www.thebluebox.dev/","The Blue Box","https://www.goodfirms.co/company/the-blue-box","https://www.goodfirms.co/company/the-blue-box","10 - 49","185188","The Blue Box","","2021","$50 - $99/hr","Buenos Aires, Argentina","The Blue Box","https://assets.goodfirms.co/services/medium/the-blue-box.jpg",,"https://www.goodfirms.co/company/the-blue-box",,"","","","2025-12-04T09:38:36.690Z","https://www.goodfirms.co/directory/country/top-software-development-companies/ar","We are THE BLUE BOX, a boutique company specializing in building world-class apps from MVP to scalable products, offering end-to-end solutions in mobile, web, backend, and AI integrations.

Our main value proposition is its ability to deliver top-tier app development services that are fully aligned with the client's goals, ensuring ... read The Blue Box reviews & insights","Trusted Experts in Mobile and Web Solutions"
"http://animus.com.ar/en/","Animus","https://www.goodfirms.co/company/animus","https://www.goodfirms.co/company/animus","2 - 9","3292","Animus","","2007","$25 - $49/hr","Bariloche, Argentina","Animus","https://assets.goodfirms.co/services/medium/3292_596478c3bd30f.png",,"https://www.goodfirms.co/company/animus",,"","","","2025-12-04T09:38:36.690Z","https://www.goodfirms.co/directory/country/top-software-development-companies/ar","We are a digital innovation studio based in Patagonia – Agentina. We provide businesses and people the tools they need to create streamlined experiences.","We Create Digital Solutions"
"https://binit.com.ar","BINIT","https://www.goodfirms.co/company/binit","https://www.goodfirms.co/company/binit","50 - 249","21678","BINIT","","2016","$25 - $49/hr","Buenos Aires, Argentina","BINIT","https://assets.goodfirms.co/services/medium/binit.png",,"https://www.goodfirms.co/company/binit",,"","","","2025-12-04T09:38:36.690Z","https://www.goodfirms.co/directory/country/top-software-development-companies/ar","We are a development company that understands our client needs and believes that technology is a means to an end, not an end in itself. To forge innovative businesses by combining high-end technology is our main source of motivation.

Join the companies that rely on us to boost their business. ... read BINIT reviews & insights","Technological innovation for value creation"
"https://www.simplexsf.com","Simplex Software","https://www.goodfirms.co/company/simplex-software","https://www.goodfirms.co/company/simplex-software","50 - 249","54271","Simplex Software","","2011","$25 - $49/hr","Distrito Federal, Argentina","Simplex Software","https://assets.goodfirms.co/services/medium/simplex-software.png",,"https://www.goodfirms.co/company/simplex-software",,"","","","2025-12-04T09:38:36.690Z","https://www.goodfirms.co/directory/country/top-software-development-companies/ar","We are a boutique nearshore software development company providing services and full-stack development teams to organizations around the world. We build end to end software tailored solutions designed to meet the needs of our customers.

Most of our partners are located in the US taking advantage of our close proximity ... read Simplex Software reviews & insights","Your Success, Our Passion"
"https://www.outsourcearg.com","Outsource Argentina","https://www.goodfirms.co/company/outsource-argentina","https://www.goodfirms.co/company/outsource-argentina","10 - 49","95744","Outsource Argentina","","2019","< $25/hr","Salta, Argentina","Outsource Argentina","https://assets.goodfirms.co/services/medium/outsource-argentina.png",,"https://www.goodfirms.co/company/outsource-argentina",,"","","","2025-12-04T09:38:36.690Z","https://www.goodfirms.co/directory/country/top-software-development-companies/ar","Outsource Argentina SAS is a Consulting and open source enterprise software product delepoment company. Our philosophy is to use open source tools and technologies to provide cost-effective and green solutions for our customers.

We are a young, dynamic and fast growing company committed to creating value for our clients. Located ... read Outsource Argentina reviews & insights","Make IT Possible"
"https://blackboxvision.com/","BlackBox Vision","https://www.goodfirms.co/company/blackbox-vision","https://www.goodfirms.co/company/blackbox-vision","2 - 9","114744","BlackBox Vision","","2019","$50 - $99/hr","Buenos Aires, Argentina","BlackBox Vision","https://assets.goodfirms.co/services/medium/blackbox-vision.jpeg",,"https://www.goodfirms.co/company/blackbox-vision",,"","","","2025-12-04T09:38:41.215Z","https://www.goodfirms.co/directory/country/top-software-development-companies/ar","We are BlackBox Vision

A team of technology lovers, who believes in it as an engine for change.

We accompany startups and large companies in the creation of experiences, to connect with their users through the development of high-impact Digital Products.

How we work?

We combine our experience in UI, ... read BlackBox Vision reviews & insights","Innovate. Transform. Succeed."
"https://clientum.ar","Clientum","https://www.goodfirms.co/company/clientum","https://www.goodfirms.co/company/clientum","2 - 9","129716","Clientum","","2017","$25 - $49/hr","Santa Fe, Argentina","Clientum","https://assets.goodfirms.co/services/medium/clientum-digital-agency.png",,"https://www.goodfirms.co/company/clientum",,"","","","2025-12-04T09:38:41.215Z","https://www.goodfirms.co/directory/country/top-software-development-companies/ar","Clientum is a global digital marketing agency based in Rosario, Argentina that offers 360° marketing solutions. We develop campaigns with measurable results in different marketing initiatives, from e-commerce, SEO, advertising and CRM implementation.
As a leading digital agency specializing in branding and strategy, we'll help you accelerate your growth online, ... read Clientum reviews & insights","The digital agency for companies that want to fly"
"https://www.waytoodigital.com/","Way Too Digital","https://www.goodfirms.co/company/way-too-digital","https://www.goodfirms.co/company/way-too-digital","2 - 9","153749","Way Too Digital","","","$25 - $49/hr","Buenos Aires, Argentina","Way Too Digital","https://assets.goodfirms.co/services/medium/way-too-digital.PNG",,"https://www.goodfirms.co/company/way-too-digital",,"","","","2025-12-04T09:38:41.215Z","https://www.goodfirms.co/directory/country/top-software-development-companies/ar","WTD is a world-class development agency providing strategy, consulting, design and software engineering for companies and IPs on diverse and prominent projects.From 2011 until the COVID-19 lockdown, WTD worked globally for Fortune500 and ad agencies blending creativity with cool new tech.Our track record involves hundreds of immersive consumer experiences in both the ... read Way Too Digital reviews & insights","Next-gen technology development agency."
"https://www.zafirus.tech","Zafirus Technologies","https://www.goodfirms.co/company/zafirus-technologies","https://www.goodfirms.co/company/zafirus-technologies","50 - 249","156682","Zafirus Technologies","","","$50 - $99/hr","Santa Fe, Argentina","Zafirus Technologies","https://assets.goodfirms.co/services/medium/zafirus-technologies.jpg",,"https://www.goodfirms.co/company/zafirus-technologies",,"","","","2025-12-04T09:38:41.215Z","https://www.goodfirms.co/directory/country/top-software-development-companies/ar","Desarrollamos aplicaciones móviles y plataformas web intuitivas e innovadoras y brindamos servicios de Staff Augmentation. 
Software Factory: 


	
	Medimos lo que importa: somos una empresa Data Driven, por lo cual nuestras soluciones están iteradas en base a data de uso. 
	
	
	Nos especializamos en fintech y salud: contamos con know how en ... read Zafirus Technologies reviews & insights","Zafirus Technologies"
"https://weareblend.tech","We Are Blend","https://www.goodfirms.co/company/we-are-blend","https://www.goodfirms.co/company/we-are-blend","10 - 49","171017","We Are Blend","","2022","$25 - $49/hr","Buenos Aires, Argentina","We Are Blend","https://assets.goodfirms.co/services/medium/we-are-blend.jpg",,"https://www.goodfirms.co/company/we-are-blend",,"","","","2025-12-04T09:38:41.215Z","https://www.goodfirms.co/directory/country/top-software-development-companies/ar","At Blend, we help businesses scale with top-tier Software Development, QA Testing, and Digital Marketing solutions. Based in Argentina, we leverage the country’s strategic position as a global tech hub, offering highly skilled talent, competitive pricing, and flexible collaboration models.

Our services are designed to meet the evolving needs of ... read We Are Blend reviews & insights","Scalable tech, seamless growth"
"https://cuyoweb.com/","Cuyoweb","https://www.goodfirms.co/company/cuyoweb","https://www.goodfirms.co/company/cuyoweb","2 - 9","186195","Cuyoweb","","2024","$25 - $49/hr","Mendoza, Argentina","Cuyoweb","https://assets.goodfirms.co/services/medium/cuyoweb.png",,"https://www.goodfirms.co/company/cuyoweb",,"","","","2025-12-04T09:38:41.215Z","https://www.goodfirms.co/directory/country/top-software-development-companies/ar","Cuyoweb is a software and digital solutions development company based in Mendoza, Argentina. We specialize in creating custom systems, web platforms, institutional websites, and automation tools for businesses and entrepreneurs.

Our focus is on understanding the inner workings of each client to offer agile, modern, and functional solutions tailored to their ... read Cuyoweb reviews & insights","Desarrollo de Software a Medida en Mendoza"
"https://www.granweb.io/","Granweb","https://www.goodfirms.co/company/granweb","https://www.goodfirms.co/company/granweb","10 - 49","195622","Granweb","","2019","$50 - $99/hr","Buenos Aires, Argentina","Granweb","https://assets.goodfirms.co/services/medium/granweb-custom-software-development.png",,"https://www.goodfirms.co/company/granweb",,"","","","2025-12-04T09:38:41.215Z","https://www.goodfirms.co/directory/country/top-software-development-companies/ar","We are a software development company focused on creating custom digital solutions that help businesses scale. Our work combines technical expertise with a clear understanding of product strategy, allowing us to design and build systems that are not only robust, but aligned with each client’s objectives. We develop mobile apps, ... read Granweb reviews & insights","Custom software that turns ideas into scalable digital products."
"http://indicius.com/","Indicius","https://www.goodfirms.co/company/indicius","https://www.goodfirms.co/company/indicius","10 - 49","3258","Indicius","","2012","$50 - $99/hr","Buenos Aires, Argentina","Indicius","https://assets.goodfirms.co/services/medium/indicius.png",,"https://www.goodfirms.co/company/indicius",,"","","","2025-12-04T09:38:41.220Z","https://www.goodfirms.co/directory/country/top-software-development-companies/ar","At Indicius, we offer a range of workshops and services that can be combined to cover branding and design projects. From strategy and copywriting to design and development, we ensure a holistic approach to delivering successful digital products. As a design agency, we consider quality as a given. What truly sets ... read Indicius reviews & insights","Designing for a more human-centered world."
"https://ayi.group/","AYI GROUP","https://www.goodfirms.co/company/ayi-group","https://www.goodfirms.co/company/ayi-group","50 - 249","75659","AYI GROUP","","2000","$25 - $49/hr","Cordoba, Argentina","AYI GROUP","https://assets.goodfirms.co/services/medium/ayi-group.jpg",,"https://www.goodfirms.co/company/ayi-group",,"","","","2025-12-04T09:38:41.220Z","https://www.goodfirms.co/directory/country/top-software-development-companies/ar","Our purpose is to transforms talents into team build on trust and passionate to create innovative solutions that impacts positively on people.

We have 20+ years in the IT market creating strategic and long term relationships with our clientes and business partners.

We have strong partners agreements with main software ... read AYI GROUP reviews & insights","Now your digital transformation is simpler"
"https://www.ecloud.agency/en","eCloud","https://www.goodfirms.co/company/ecloud","https://www.goodfirms.co/company/ecloud","50 - 249","135376","eCloud","","2010","$50 - $99/hr","Santa Fe, Argentina","eCloud","https://assets.goodfirms.co/services/medium/ecloud.jpg",,"https://www.goodfirms.co/company/ecloud",,"","","","2025-12-04T09:38:41.220Z","https://www.goodfirms.co/directory/country/top-software-development-companies/ar","We're an innovation and software development #BCorp, which focuses on digital products aimed towards transforming people's quality of life.

We seek to optimize our processes to continue generating a positive impact on both, users and companies, with a social, environmental and economic perspective through technological innovation.","We're an innovation and software development BCorp"
"https://www.bagheadlabs.io","Baghead Labs","https://www.goodfirms.co/company/baghead-labs","https://www.goodfirms.co/company/baghead-labs","10 - 49","141799","Baghead Labs","","2021","$25 - $49/hr","Buenos Aires, Argentina","Baghead Labs","https://assets.goodfirms.co/services/medium/baghead-labs.png",,"https://www.goodfirms.co/company/baghead-labs",,"","","","2025-12-04T09:38:41.220Z","https://www.goodfirms.co/directory/country/top-software-development-companies/ar","Baghead Labs is a premier blockchain consulting and custom software development firm. Based in Buenos Aires, Argentina the company was founded in 2021 through the merger of two pioneering firms. Baghead Labs leverages its team of over 20 experts in emerging technologies to strategically guide clients through the entire digital transformation ... read Baghead Labs reviews & insights","Empowering Visionary Businesses"
"https://www.caramelpoint.com/","Caramel Point","https://www.goodfirms.co/company/caramel-point","https://www.goodfirms.co/company/caramel-point","10 - 49","143912","Caramel Point","","","NA","Cordoba, Argentina","Caramel Point","https://assets.goodfirms.co/services/medium/caramel-point.PNG",,"https://www.goodfirms.co/company/caramel-point",,"","","","2025-12-04T09:38:41.220Z","https://www.goodfirms.co/directory/country/top-software-development-companies/ar","We are design strategists, researchers, product and UX/UI designers, engineers, and overall creatives in continuous growth to provide always our best and connected by common challenges, eager to discover, design, and materialize new opportunities. Born and based in Cordoba, Argentina impassioned by our team from different cultures around the globe. Caramel ... read Caramel Point reviews & insights","Quality, Agility & Great user experience."
"https://software.kinetic-corp.com/","Kinetic Software","https://www.goodfirms.co/company/kinetic-software","https://www.goodfirms.co/company/kinetic-software","50 - 249","155700","Kinetic Software","","","NA","Cordoba, Argentina","Kinetic Software","https://assets.goodfirms.co/services/medium/kinetic-software.PNG",,"https://www.goodfirms.co/company/kinetic-software",,"","","","2025-12-04T09:38:41.220Z","https://www.goodfirms.co/directory/country/top-software-development-companies/ar","Our purpose is to discover new ways to transform people's lives and their organizations, bringing them closer to technology through software development and staff augmentation services. We undertake each project with passion and commitment, adapting to each organization's needs with flexibility, agility and transparency to the needs of each organization, ... read Kinetic Software reviews & insights","We promote digital transformation"
"https://www.loop3.studio/","Loop3 Studio","https://www.goodfirms.co/company/loop3-studio","https://www.goodfirms.co/company/loop3-studio","10 - 49","161417","Loop3 Studio","","2020","$50 - $99/hr","Buenos Aires, Argentina","Loop3 Studio","https://assets.goodfirms.co/services/medium/loop-3-studio.png",,"https://www.goodfirms.co/company/loop3-studio",,"","","","2025-12-04T09:38:41.220Z","https://www.goodfirms.co/directory/country/top-software-development-companies/ar","Loop3 offers a broad range of software development and staffing services, crafted to adapt to the specific needs of our clients. Our team is committed to delivering high-quality, scalable solutions, whether you require full project development or expert talent to enhance your internal capabilities. At Loop3, we pride ourselves on our ... read Loop3 Studio reviews & insights","We code amazing digital products."
"https://www.coorva.com/","Coorva","https://www.goodfirms.co/company/coorva","https://www.goodfirms.co/company/coorva","10 - 49","180667","Coorva","","2016","$50 - $99/hr","Buenos Aires, Argentina","Coorva","https://assets.goodfirms.co/services/medium/coorva.png",,"https://www.goodfirms.co/company/coorva",,"","","","2025-12-04T09:38:41.220Z","https://www.goodfirms.co/directory/country/top-software-development-companies/ar","Coorva connects highly-talented software professionals with great companies. We deliver the right team and unwavering support to ensure your project progresses smoothly.

By trusting Coorva, you can be sure you'll have the right team. If, for any reason, you are not 100% satisfied you can cancel at any time. No ... read Coorva reviews & insights","The Right Talent Driving Your Peace Of Mind"
"https://www.huenei.com/en/","Huenei IT Services","https://www.goodfirms.co/company/huenei-it-services","https://www.goodfirms.co/company/huenei-it-services","250 - 999","2998","Huenei IT Services","","1995","$25 - $49/hr","Buenos Aires, Argentina","Huenei IT Services","https://assets.goodfirms.co/services/medium/2998_594a2771ac9ca.png",,"https://www.goodfirms.co/company/huenei-it-services",,"","","","2025-12-04T09:38:41.220Z","https://www.goodfirms.co/directory/country/top-software-development-companies/ar","Founded in 1995, Huenei is regional provider specialized in IT services. In the present, it has a staff of more than 250 professionals and offices in Argentina, Chile, Mexico, Colombia , Perú & USA. Since its beginnings Huenei provides big companies from over 10 different countries with managed and professional ... read Huenei IT Services reviews & insights","Nearshore Software Development Services"
"https://www.gm2dev.com","GM2dev","https://www.goodfirms.co/company/gm2dev","https://www.goodfirms.co/company/gm2dev","50 - 249","8644","GM2dev","","2010","$100 - $149/hr","Buenos Aires, Argentina","GM2dev","https://assets.goodfirms.co/services/medium/gm2dev.png",,"https://www.goodfirms.co/company/gm2dev",,"","","","2025-12-04T09:38:41.220Z","https://www.goodfirms.co/directory/country/top-software-development-companies/ar","With over 10 years of SEO experience, we have the knowledge and tools to increase your site’s organic rankings. High levels of customer satisfaction by delivering efficient custom software development services. We have an excellent agile software development capability, providing reliable support for working processes. We love scripting languages, and PHP is our preferred general-purpose ... read GM2dev reviews & insights","Software House"
"https://www.neginet.com","Neginet","https://www.goodfirms.co/company/neginet","https://www.goodfirms.co/company/neginet","10 - 49","49753","Neginet","","2012","$25 - $49/hr","Buenos Aires, Argentina","Neginet","https://assets.goodfirms.co/services/medium/neginet.png",,"https://www.goodfirms.co/company/neginet",,"","","","2025-12-04T09:38:41.220Z","https://www.goodfirms.co/directory/country/top-software-development-companies/ar","We are a Staff Augmentation firm focused on helping startups grow. We help our clients grow their Development Teams with top talented engineers who speak fluent English, within US time zones, at competitive rates.

Whether you are a promising new startup or a well established company with many years in the ... read Neginet reviews & insights","We build remote teams"
"https://www.flowingcode.com","Flowing Code","https://www.goodfirms.co/company/flowing-code","https://www.goodfirms.co/company/flowing-code","2 - 9","87949","Flowing Code","","2017","$50 - $99/hr","Santa Fe, Argentina","Flowing Code","https://assets.goodfirms.co/services/medium/flowing-code.png",,"https://www.goodfirms.co/company/flowing-code",,"","","","2025-12-04T09:38:41.220Z","https://www.goodfirms.co/directory/country/top-software-development-companies/ar","Flowing Code is your strategic technology partner, dedicated to engineering robust, high-performance enterprise applications that align directly with your business goals. Our commitment to excellence is formalized by our ISO 9001:2015 certified development services, ensuring a predictable, high-quality process from start to finish. We don't just write code; we build ... read Flowing Code reviews & insights","Experts developing your software solutions"
