city,company_founded_year,company_linkedin_uid,company_name,company_size,country,email,full_name,functional_level,headline,industry,job_title,linkedin,seniority_level,state
,2001,2845844,Dahua Technology Co. Ltd,23000,Croatia,damir.klarin@dahuatech.com,Damir Klarin,sales,,Information Technology & Services,Business Development Manager,http://www.linkedin.com/in/damir-klarin-8496283,manager,
Dubai,2001,2845844,Dahua Technology Co. Ltd,23000,United Arab Emirates,,Ali Kloub,sales,"Regional Director (mena)
business Growth | Strategic Negotiation | E-learning | Enterprise, Ir, Or, Ec | Av,it,aiot, Printing | Tv Talker | Distribution | Partner Management         
üß†think Bigüëçact Smartüí™move Fast",Information Technology & Services,Regional Sales Director (mena),http://www.linkedin.com/in/ali-kloub-b15b2657,director,Dubai
Jeddah,2001,2845844,Dahua Technology Co. Ltd,23000,Saudi Arabia,yahya.asfari@dahuatech.com,Yahya Asfari,engineering,Director Of Business Development | Ai Surveillance Solutions,Information Technology & Services,Director Of Business Development | Ai Surveillance Solutions,http://www.linkedin.com/in/yahya1asfari,director,Makkah Province
Bogota,2001,2845844,Dahua Technology Co. Ltd,23000,Colombia,ruben.trujillo@dahuatech.com,Jose Ruben Trujillo,sales,Business Development Director,Information Technology & Services,Business Development Director,http://www.linkedin.com/in/jruben-trujillo,director,Bogota
Beirut,2001,2845844,Dahua Technology Co. Ltd,23000,Lebanon,,Rodolphe Kassouf,sales,Director Of Business Development,Information Technology & Services,Director Of Business Development,http://www.linkedin.com/in/rodolphe-kassouf,director,Beirut Governorate
Istanbul,2001,2845844,Dahua Technology Co. Ltd,23000,Turkey,,Ferhat Kalkan,sales,Sales Director Key Account,Information Technology & Services,Sales Director Key Account,http://www.linkedin.com/in/ferhat-kalkan-0386523a,director,Istanbul
Amsterdam,2001,2845844,Dahua Technology Co. Ltd,23000,Netherlands,zhang.ruiyu@dahuatech.com,Zhang Ruiyu,legal,Senior Legal Counsel,Information Technology & Services,Senior Legal Counsel,http://www.linkedin.com/in/zhang-ruiyu-0a05a363,senior,North Holland
Prague,2001,2845844,Dahua Technology Co. Ltd,23000,Czech Republic,ondrej.sokol@dahuatech.com,Ondrej Sokol,engineering,Senior Solution Engineer At Dahua Technology Czech & Slovakia,Information Technology & Services,Senior Solution Engineer,http://www.linkedin.com/in/ondrej-sokol-7436325a,senior,Hlavni Mesto Praha
Sao Paulo,2001,2845844,Dahua Technology Co. Ltd,23000,Brazil,,Fernando Nakaie,product_management,Head Of Products,Information Technology & Services,Head Of Products,http://www.linkedin.com/in/fernando-nakaie-23500992,head,State Of Sao Paulo
Dubai,2001,2845844,Dahua Technology Co. Ltd,23000,United Arab Emirates,praise.mathew@dahuatech.com,Praise Mathew,information_technology,Service Delivery Manager,Information Technology & Services,Service Delivery Manager,http://www.linkedin.com/in/praise-mathew-9a4a1617b,manager,Dubai
,2001,2845844,Dahua Technology Co. Ltd,23000,Saudi Arabia,,Mohammed Mansoor,sales,Senior Channel Manager,Information Technology & Services,Senior Channel Manager,http://www.linkedin.com/in/mohammed-mansoor-0731bb22,manager,
Katowice,2001,2845844,Dahua Technology Co. Ltd,23000,Poland,piotr.serafinowicz@dahuatech.com,Piotr Serafinowicz,sales,Senior Sales Manager,Information Technology & Services,Senior Sales Manager,http://www.linkedin.com/in/piotr-serafinowicz-051990b6,manager,Silesian Voivodeship
Doha,2001,2845844,Dahua Technology Co. Ltd,23000,Qatar,ahmed.alsebaey@dahuatech.com,Ahmed Alsebaey,sales,Pre-sales Manager / Solutions Manager,Information Technology & Services,Pre-sales / Solutions Manager At Dahua Technology Co. L Smart Mobility L Smart Cities | Drones,http://www.linkedin.com/in/ahmed-alsebaey-pmp%c2%ae-9b798978,manager,Doha
Riyadh,2001,2845844,Dahua Technology Co. Ltd,23000,Saudi Arabia,saleh.alqahtani@dahuatech.com,Saleh Al-qahtani,,"Chairman | Country Commercial Director  

ai | Information Technologies | Financial Services And Wealth Management | Energy",Information Technology & Services,Tog Country Commercial Director,http://www.linkedin.com/in/saleh-bin-abdullah-al-qahtani-8b796061,director,Riyadh Province
,2001,2845844,Dahua Technology Co. Ltd,23000,Serbia,ana.bajovic@dahuatech.com,Ana Bajovic,marketing,Head Of Marketing At Dahua Technology Co. Ltd,Information Technology & Services,Head Of Marketing,http://www.linkedin.com/in/ana-bajovic-a3529219,head,
,2001,2845844,Dahua Technology Co. Ltd,23000,United Arab Emirates,muhammad.khan@dahuatech.com,Muhammad Khan,sales,Business Development Manager,Information Technology & Services,Business Development Manager,http://www.linkedin.com/in/muhammad-bilal-afzal-khan-39538514,manager,
,2001,2845844,Dahua Technology Co. Ltd,23000,Sri Lanka,,Upul Sanjeewa,sales,Head Of Corporate Sales,Information Technology & Services,Head Of Corporate Sales,http://www.linkedin.com/in/upul-sanjeewa-b2550018,head,
Melbourne,2001,2845844,Dahua Technology Co. Ltd,23000,Australia,truman.z@dahuatech.com,Truman Z,,General Manager At Dahua Technology Australia,Information Technology & Services,President Dahua Oceania,http://www.linkedin.com/in/truman-z-56947527,vp,Victoria
Paris,2001,2845844,Dahua Technology Co. Ltd,23000,France,,Olivier Landel,,Directeur Commercial Projets At Dahua Technology,Information Technology & Services,Directeur Commercial Projets,http://www.linkedin.com/in/olivierlandel,director,Ile-de-france
Dubai,2001,2845844,Dahua Technology Co. Ltd,23000,United Arab Emirates,wanxia.liu@dahuatech.com,Wanxia Liu,,Hi,Information Technology & Services,Account Relationship Manager,http://www.linkedin.com/in/wanxia-liu-569338222,manager,Dubai
Nairobi,2001,2845844,Dahua Technology Co. Ltd,23000,Kenya,hellen.mukami@dahuatech.com,Hellen Mukami,operations,Distribution Sales Manager,Information Technology & Services,Distribution Sales Manager,http://www.linkedin.com/in/hellen-mukami-94947120b,manager,Nairobi
,2001,2845844,Dahua Technology Co. Ltd,23000,Latvia,jevgenijs.jerjomins@dahuatech.com,Jevgenijs Gueri,sales,Experienced B2b Sales Manager | Specialized In Electronics & Digital Solutions | Driving Revenue Growth For Dahua Technology & Beyond,Information Technology & Services,Channel Sales Manager And Business Development,http://www.linkedin.com/in/jevgenijs-gueri-sales,manager,
,2001,2845844,Dahua Technology Co. Ltd,23000,Austria,louis.liu@dahuatech.com,Louis Liu,sales,Channel Sales Manger,Information Technology & Services,Channel Sales Manager Austria,http://www.linkedin.com/in/louis-liu-26b78194,manager,
,2001,2845844,Dahua Technology Co. Ltd,23000,United Arab Emirates,raghib.sohail@dahuatech.com,Raghib Sohail,engineering,Business Project Manager,Information Technology & Services,Business Project Manager,http://www.linkedin.com/in/raghib-sohail-1885a1b6,manager,
Utrecht,2001,2845844,Dahua Technology Co. Ltd,23000,Netherlands,beryl.yao@dahuatech.com,Beryl Yao,operations,Head Of Dahua Weu Supply Chain,Information Technology & Services,Head Of Dahua Weu Supply Chain,http://www.linkedin.com/in/beryl-yao-54372751,head,Utrecht
Dubai,2001,2845844,Dahua Technology Co. Ltd,23000,United Arab Emirates,umair.khan@dahuatech.com,Umair Khan,,"Director | Commercial Display & Av Solutions | Driving Sales, Strategy & Stakeholder Success With Technical Expertise",Information Technology & Services,Director For Commercial Display Business - Uae & Oman,http://www.linkedin.com/in/umair-khan91,director,Dubai
Dubai,2001,13183656,Dahua Technology Mena,110,United Arab Emirates,mohamed@adscctv.com,Mohamed Yousif,sales,Business Development Manager,Information Technology & Services,Business Development Manager,http://www.linkedin.com/in/mohamed-yousif-1563831b4,manager,Dubai
Rueil-malmaison,2001,2845844,Dahua Technology Co. Ltd,23000,France,sebastien.isambert@dahuatech.com,Sebastien Isambert,operations,"Business Development Manager, Internationnal Strategy Partner",Information Technology & Services,"Business Development Manager, Internationnal Strategy Partner",http://www.linkedin.com/in/s%c3%a9bastien-isambert-2b219234,partner,Ile-de-france
Mexico City,2001,2845844,Dahua Technology Co. Ltd,23000,Mexico,camilo.munoz@dahuatech.com,Camilo Munoz,,Director Comercial,Information Technology & Services,Commercial Director,http://www.linkedin.com/in/camilo-mu%c3%b1oz-a931ba51,director,Federal District
Doha,2001,2845844,Dahua Technology Co. Ltd,23000,Qatar,,Biju Jamaludeen,sales,Business Development Manager At Dahua Technology Co. Ltd,Information Technology & Services,Business Development Manager,http://www.linkedin.com/in/biju-jamaludeen-941a1844,manager,Doha
Istanbul,2001,2845844,Dahua Technology Co. Ltd,23000,Turkey,ceren.ercan@dahuatech.com,Ceren Ercan,sales,Senior Inside Sales Specialist,Information Technology & Services,Senior Inside Sales Specialist,http://www.linkedin.com/in/ceren-ercan-99b13896,senior,Istanbul
,2001,2845844,Dahua Technology Co. Ltd,23000,Romania,adrian.nastase@dahuatech.com,Adrian Nastase,sales,Project Sales Director Dahua Techonolgy,Information Technology & Services,Project Sales Director,http://www.linkedin.com/in/adrian-nastase-53b61020,director,
Rueil-malmaison,2001,2845844,Dahua Technology Co. Ltd,23000,France,danni.wen@dahuatech.com,Danni Wen,marketing,Marketing Manager Chez Dahua Technology,Information Technology & Services,Marketing Manager,http://www.linkedin.com/in/danni-wen-4b893316a,manager,Ile-de-france
,2001,2845844,Dahua Technology Co. Ltd,23000,Lebanon,michel.kassis@dahuatech.com,Michel Kassis,sales,Business Development Manager,Information Technology & Services,Business Development Manager,http://www.linkedin.com/in/michel-el-kassis-874b9820,manager,
,2001,2845844,Dahua Technology Co. Ltd,23000,United Arab Emirates,,Sarah Ali,sales,Business Development Manager At Dahua Technology Co. Ltd,Information Technology & Services,Business Development Manager,http://www.linkedin.com/in/sarah-ali-561867156,manager,
Johannesburg,2001,2845844,Dahua Technology Co. Ltd,23000,South Africa,tasneem.yunus@dahuatech.com,Tasneem Yunus,marketing,National Brand Manager,Information Technology & Services,National Brand Manager: Display & Transmission,http://www.linkedin.com/in/tasneem-yunus-a5480b207,manager,Gauteng
Tehran,2001,2845844,Dahua Technology Co. Ltd,23000,Iran,mehdi.mirzaee@dahuatech.com,Mehdi Mirzaee,engineering,It Manager,Information Technology & Services,It Project Manager,http://www.linkedin.com/in/mehdi-mirzaee-24a300254,manager,Tehran Province
Madrid,2001,2845844,Dahua Technology Co. Ltd,23000,Spain,chenzhi_zhu@dahuatech.com,Chenzhi Zhu,,General Manager At Dahua Technology Iberia,Information Technology & Services,General Manager At Dahua Technology Iberia,http://www.linkedin.com/in/chenzhi-zhu-086a6265,manager,Community Of Madrid
Sao Paulo,2001,2845844,Dahua Technology Co. Ltd,23000,Brazil,lin.xiong@dahuatech.com,Lin Xiong,,ÁâáÂå∫ÊÄªË£Å,Information Technology & Services,Regional President,http://www.linkedin.com/in/lin-xiong-197b0aaa,vp,State Of Sao Paulo
Dubai,2001,2845844,Dahua Technology Co. Ltd,23000,United Arab Emirates,jiang_nan3@dahuatech.com,Nick Jiang,,Dahua Technology Co. Ltd - ÊäÄÊúØÁªèÁêÜ,Information Technology & Services,Technical Manager,http://www.linkedin.com/in/nick-jiang-%e5%a7%9c%e6%a5%a0-b14aa5157,manager,Dubai
Dar Es Salaam,2001,2845844,Dahua Technology Co. Ltd,23000,Tanzania,samson.augustinoibrahim@dahuatech.com,Samson Ibrahim,,Technical Manager Central Africa,Information Technology & Services,Technical Manager Central Africa,http://www.linkedin.com/in/samson-ibrahim-b329a7213,manager,Dar Es Salaam
Dubai,2001,2845844,Dahua Technology Co. Ltd,23000,United Arab Emirates,ahmad.hakim@dahuatech.com,Ahmed Hakim,engineering,Technical & Delivery Director - Ai / Iot / Safe City / Smart City,Information Technology & Services,Technical & Delivery Director - Ai / Iot / Safe City / Smart City,http://www.linkedin.com/in/aelhakim,director,Dubai
London,2001,2845844,Dahua Technology Co. Ltd,23000,United Kingdom,,Leo He,finance,Ffa Fipa,Information Technology & Services,Head Of Finance Department For Uk & Ireland Region,http://www.linkedin.com/in/leo-he-a3449a22a,head,England
Dubai,2001,2845844,Dahua Technology Co. Ltd,23000,United Arab Emirates,omar.sakan@dahuatech.com,Omar Sakan,,Senior Solutions Manager,Information Technology & Services,Senior Solutions Manager,http://www.linkedin.com/in/omar-sakan-12406915a,manager,Dubai
Dubai,2001,2845844,Dahua Technology Co. Ltd,23000,United Arab Emirates,yueqiao.hu@dahuatech.com,Yueqiao Hu,marketing,Regional Marketing Manager,Information Technology & Services,Regional Marketing Manager,http://www.linkedin.com/in/yueqiao-hu,manager,Dubai
Prague,2001,2845844,Dahua Technology Co. Ltd,23000,Czech Republic,adam.mlejnek@dahuatech.com,Adam Mlejnek,sales,Business Development Manager  Ve Spoleƒçnosti Dahua Technology S.r.o.,Information Technology & Services,Business Development Manager,http://www.linkedin.com/in/adam-mlejnek-87785869,manager,Hlavni Mesto Praha
Cairo,2001,2845844,Dahua Technology Co. Ltd,23000,Egypt,rinat.ataniyazov@dahuatech.com,Rinat Ataniyazov,engineering,Senior Technical Support Engineer,Information Technology & Services,Senior Technical Support Engineer,http://www.linkedin.com/in/rinat-ataniyazov-8aa33594,senior,Cairo Governorate
Doha,2001,2845844,Dahua Technology Co. Ltd,23000,Qatar,wael.hassan@dahuatech.com,Wael Hassan,sales,Business Development Manager,Information Technology & Services,Business Development Manager,http://www.linkedin.com/in/wael-hassan-a122a3ab,manager,Doha
,2001,2845844,Dahua Technology Co. Ltd,23000,United Arab Emirates,mohammad.kloub@dahuatech.com,Mohammad Kloub,sales,Business Development Manager,Information Technology & Services,Business Development Manager,http://www.linkedin.com/in/mohammad-kloub-119970175,manager,
,2001,2845844,Dahua Technology Co. Ltd,23000,Lebanon,joe.neaimeh@dahuatech.com,Joe Neaimeh,operations,Senior Distribution Sales Manager,Information Technology & Services,Senior Distribution Sales Manager,http://www.linkedin.com/in/joe-neaimeh-876596235,manager,Mount Lebanon Governorate
,2001,2845844,Dahua Technology Co. Ltd,23000,Saudi Arabia,hosam.omar@dahuatech.com,Hosam Omar,,Senior Solutions Manager,Information Technology & Services,Senior Solutions Manager,http://www.linkedin.com/in/hosam-omar-35597555,manager,
Abu Dhabi,2001,2845844,Dahua Technology Co. Ltd,23000,United Arab Emirates,zhao_zhouliang@dahuatech.com,Charles Zhao,engineering,Solution Manager,Information Technology & Services,Presales Project Manager,http://www.linkedin.com/in/charles-zhouliang-zhao-555261141,manager,Abu Dhabi
,2001,2845844,Dahua Technology Co. Ltd,23000,Saudi Arabia,,Mahmoud Zakaria,sales,"Sr. Pre-sales Manager At Dahua Technology Co. Ltd,
hcis Expert",Information Technology & Services,Sr. Pre-sales Manager,http://www.linkedin.com/in/mahmoud-zakaria-7b792242,manager,
Doha,2001,2845844,Dahua Technology Co. Ltd,23000,Qatar,khalil.kozah@dahuatech.com,Khalil Kozah,sales,Business Development Director @ Dahua Technology Co. Ltd | Bachelor Of Engineering,Information Technology & Services,Business Development Director,http://www.linkedin.com/in/khalil-el-kozah-42751871,director,Doha
,2001,2845844,Dahua Technology Co. Ltd,23000,Netherlands,wu_shaoxiang@dahuatech.com,Thomas Wu,,Technical Manager,Information Technology & Services,Solution Director Of Weu,http://www.linkedin.com/in/thomas-wu-8045ab9a,director,
Dubai,2001,2845844,Dahua Technology Co. Ltd,23000,United Arab Emirates,filip.wysocki@dahuatech.com,Filip Wysocki,,Solution Manager,Information Technology & Services,Solution Manager,http://www.linkedin.com/in/filip-wysocki-7a1b0a154,manager,Dubai
,2001,2845844,Dahua Technology Co. Ltd,23000,Germany,victor.shen@dahuatech.com,Victor Shen,,Dahua- Country General Manager Of Dahua Dach Region,Information Technology & Services,Country General Manager Of Dahua Dach Region,http://www.linkedin.com/in/victor-shen-009a5b18b,manager,
Riyadh,2001,2845844,Dahua Technology Co. Ltd,23000,Saudi Arabia,li_geng1@dahuatech.com,Gary Li,,VP Of Dahua Mena,Information Technology & Services,VP Of Dahua Mena,http://www.linkedin.com/in/gary-li-%e6%9d%8e%e8%b5%93-31010a10a,vp,Riyadh Province
West Palm Beach,2001,2845844,Dahua Technology Co. Ltd,23000,United States,ethan.wang@dahuatech.com,Ethan Wang,,Eastern Technical Manager,Information Technology & Services,Eastern Technical Manager,http://www.linkedin.com/in/ethan-wang-b57b3b60,manager,Florida
Dubai,2001,2845844,Dahua Technology Co. Ltd,23000,United Arab Emirates,mona.mostafa@dahuatech.com,Mona Mostafa,marketing,Marketing Manager At Dahua Technology Co. Ltd,Information Technology & Services,Marketing Manager,http://www.linkedin.com/in/mona-mostafa-753b4b273,manager,Dubai
Amman,2001,2845844,Dahua Technology Co. Ltd,23000,Jordan,ahmad_halees@dahuatech.com,Ahmad Halees,,"Regional Solutions Manager, Middle East & North Africa",Information Technology & Services,"Regional Solutions Manager, Middle East & North Africa",http://www.linkedin.com/in/ahmadhalees,manager,Amman Governorate
Mexico City,2001,2845844,Dahua Technology Co. Ltd,23000,Mexico,,Rodrigo Escamilla,sales,"Latin America Sales Professional In Information Technology, Security And Communications Industry",Information Technology & Services,Business Development Director,http://www.linkedin.com/in/rodrigoescamilla,director,Mexico City
,2001,2845844,Dahua Technology Co. Ltd,23000,Kenya,imax.limited@dahuatech.com,Imax Limited,sales,Www.dahuasecuritykenya.com,Information Technology & Services,Sales Manager,http://www.linkedin.com/in/imax-cameras-limited-28b91871,manager,
Mumbai,2001,2845844,Dahua Technology Co. Ltd,23000,India,chetan.tendulkar@dahuatech.com,Chetan Tendulkar,human_resources,Human Resources Business Partner,Information Technology & Services,Human Resources Business Partner,http://www.linkedin.com/in/che10,partner,Maharashtra
Jeddah,2001,2845844,Dahua Technology Co. Ltd,23000,Saudi Arabia,mohammad.shamma@dahuatech.com,Mohammad Shamma,engineering,Senior Project Manager,Information Technology & Services,Senior Project Manager,http://www.linkedin.com/in/mohammad-k-shamma,manager,Makkah Province
Scarborough,2001,2845844,Dahua Technology Co. Ltd,23000,United Kingdom,neil.brockbank@dahuatech.com,Neil Brockbank,sales,Business Development Manager,Information Technology & Services,Business Development Manager,http://www.linkedin.com/in/neil-brockbank-b8b863246,manager,England
Dubai,2001,2845844,Dahua Technology Co. Ltd,23000,United Arab Emirates,,Fadi Taifour,,Regional Director - Mena @ Dahua Technology,Information Technology & Services,Regional Director - Mena,http://www.linkedin.com/in/fadi-taifour-12237635,director,Dubai
Exeter,2001,2845844,Dahua Technology Co. Ltd,23000,United States,jeff.wang@dahuatech.com,Jeff Wang,sales,Strategic Account Manager,Information Technology & Services,Strategic Account Manager,http://www.linkedin.com/in/jeff-wang-670b6479,manager,California
,2001,2845844,Dahua Technology Co. Ltd,23000,Saudi Arabia,,Baraa Shalabi,marketing,Marketing Director | Brand Strategy | Pr & Event Management | Communication Expert | Creative Campaigns | Driving Brand Success,Information Technology & Services,Marketing Director Ksa & Bahrain,http://www.linkedin.com/in/baraa-al-shalabi-ba2685169,director,
Riyadh,2001,2845844,Dahua Technology Co. Ltd,23000,Saudi Arabia,abdul.ragib@dahuatech.com,Abdul Ragib,engineering,Senior Technical/pre-sales Engineer,Information Technology & Services,Senior Technical/pre-sales Engineer,http://www.linkedin.com/in/abdul-ragib-15a2021a4,senior,Riyadh Province
Theale,2001,2845844,Dahua Technology Co. Ltd,23000,United Kingdom,kris.hallett@dahuatech.com,Kris Hallett,sales,Business Development Manager,Information Technology & Services,Business Development Manager,http://www.linkedin.com/in/kris-hallett-96b92252,manager,England
,2001,2845844,Dahua Technology Co. Ltd,23000,Slovakia,roman.roxer@dahuatech.com,Roman Roxer,product_management,Software Product Manager At Dahua Technology Co. Ltd,Information Technology & Services,Senior Software Product Manager,http://www.linkedin.com/in/romanroxer,manager,
Dubai,2001,2845844,Dahua Technology Co. Ltd,23000,United Arab Emirates,leeto.yu@dahuatech.com,Leeto Yu,,Managing Director Of Global System Integrator Business,Information Technology & Services,Managing Director Of Global System Integrator Business,http://www.linkedin.com/in/leeto-yu-212642129,director,Dubai
Riyadh,2001,2845844,Dahua Technology Co. Ltd,23000,Saudi Arabia,deng@dahuatech.com,Daniel Deng,,Projects Director,Information Technology & Services,Projects Director,http://www.linkedin.com/in/daniel-deng-808125169,director,Riyadh Province
,2001,2845844,Dahua Technology Co. Ltd,23000,Israel,avi.arbili@dahuatech.com,Avi Arbili,sales,VP Business Development At Dahua Israel,Information Technology & Services,VP Business Development At Dahua Israel,http://www.linkedin.com/in/avi-arbili-942a303,vp,
Mexico City,2001,2845844,Dahua Technology Co. Ltd,23000,Mexico,luis.meneses@dahuatech.com,Luis Cabrera,marketing,"Head Digital Latam |

ai Implementation Specialist | B2b Marketing | Digital | Technology | Tech Leader",Information Technology & Services,Head Digital Marketing Latam,http://www.linkedin.com/in/luis-cabrera-bbba312a3,head,Mexico City
Cairo,2001,2845844,Dahua Technology Co. Ltd,23000,Egypt,ahmed.elgohary@dahuatech.com,Ahmed Elgohary,sales,Channel Development Manager,Information Technology & Services,Channel Development Manager,http://www.linkedin.com/in/ahmed-elgohary-a9284911a,manager,Cairo Governorate
Istanbul,2001,2845844,Dahua Technology Co. Ltd,23000,Turkey,eric.chen@dahuatech.com,Eric Chen,,Country Manager Of Dahua Turkey,Information Technology & Services,Country Manager Of Dahua Turkey,http://www.linkedin.com/in/ericchenzwsoft,manager,
,2001,2845844,Dahua Technology Co. Ltd,23000,Sweden,simpo.huang@dahuatech.com,Simpo Huang,sales,Senior Sales Account Manager,Information Technology & Services,Senior Sales Account Manager,http://www.linkedin.com/in/simpo-huang-37507b153,manager,
,2001,2845844,Dahua Technology Co. Ltd,23000,United Arab Emirates,,Mohammad Zaza,sales,Director Of Business Development At Dahua Technology Co. Ltd,Information Technology & Services,Director Of Business Development,http://www.linkedin.com/in/mohammad-zaza-53659423,director,
Istanbul,2001,2845844,Dahua Technology Co. Ltd,23000,Turkey,ogeday.koclar@dahuatech.com,Ogeday Rokzan,,Dahua Technology Co. Ltd ≈ûirketinde Aftersales Manager At Dahua Turkey,Information Technology & Services,Aftersales Manager At Dahua Turkey,http://www.linkedin.com/in/ogedayrokzan,manager,
Riyadh,2001,2845844,Dahua Technology Co. Ltd,23000,Saudi Arabia,majed.omar@dahuatech.com,Majed Omar,sales,Business Development Manager,Information Technology & Services,Business Development Manager,http://www.linkedin.com/in/majed-omar-h198885,manager,Riyadh Province
,2001,2845844,Dahua Technology Co. Ltd,23000,Egypt,amir.mamdouh@dahuatech.com,Amir Mamdouh,sales,Business Development Manager,Information Technology & Services,Business Development Manager,http://www.linkedin.com/in/amir-mamdouh-7b85386a,manager,
Dubai,2001,2845844,Dahua Technology Co. Ltd,23000,United Arab Emirates,mugdha.maheshwari@dahuatech.com,Mugdha Maheshwari,sales,Business Development Manager,Information Technology & Services,Business Development Manager,http://www.linkedin.com/in/mugdha-maheshwari-pmp-465401105,manager,Dubai
Maidenhead,2001,2845844,Dahua Technology Co. Ltd,23000,United Kingdom,jie.xu@dahuatech.com,Jie Xu,sales,Account Manager,Information Technology & Services,Account Manager,http://www.linkedin.com/in/jie-xu-5ab2691bb,manager,England
,2001,2845844,Dahua Technology Co. Ltd,23000,China,fire@dahuatech.com,Fire Feng,c_suite,Dahua Thailand - CTO,Information Technology & Services,CTO Of Dahua Thailand,http://www.linkedin.com/in/fire-feng-58a250181,c_suite,
Riyadh,2001,2845844,Dahua Technology Co. Ltd,23000,Saudi Arabia,yuan_fangyong@dahuatech.com,Fangyong Yuan,,Technical Director At Dahua Technology Co. Ltd Ksa,Information Technology & Services,Technical Director,http://www.linkedin.com/in/fangyong-yuan-7aa7a29a,director,Riyadh Province
Frankfurt,2001,2845844,Dahua Technology Co. Ltd,23000,Germany,steven.patteeuw@dahuatech.com,Steven Patteeuw,,Global Partner Alliance Manager,Information Technology & Services,Global Partner Alliance Manager,http://www.linkedin.com/in/stevenpatt,partner,Hesse
,2001,2845844,Dahua Technology Co. Ltd,23000,Germany,chris.chan@dahuatech.com,Chris Chan,sales,Channel Sales Director,Information Technology & Services,Director Channel Sales,http://www.linkedin.com/in/chris-chan-00b65278,director,
,2001,2845844,Dahua Technology Co. Ltd,23000,Saudi Arabia,hasan_al-bastoni@dahuatech.com,Hasan Al-bastoni,sales,Regional Sales Director,Information Technology & Services,Regional Sales Director,http://www.linkedin.com/in/hasan-al-bastoni-psp-0443a317,director,
Riyadh,2001,2845844,Dahua Technology Co. Ltd,23000,Saudi Arabia,adnan_almussadi@dahuatech.com,Adnan Almsddi,sales,Channel Management | Business Analysis | Products Development | Helping Partners For Success | Innovative And Inspirational Thinker,Information Technology & Services,"Channel Development Manager, New Business",http://www.linkedin.com/in/adnanalmsddi,manager,Riyadh Province
,2001,2845844,Dahua Technology Co. Ltd,23000,Palestine,gheith.gheith@dahuatech.com,Gheith Gheith,engineering,Technical Support Manager,Information Technology & Services,Technical Support Manager,http://www.linkedin.com/in/gheith-gheith-88985a62,manager,
Al Khobar,2001,2845844,Dahua Technology Co. Ltd,23000,Saudi Arabia,karim_salah@dahuatech.com,Karim Salah,,Solutions Manager,Information Technology & Services,Solutions Manager,http://www.linkedin.com/in/karim-salah-pmp%c2%ae-pmi-pba%c2%ae-82b0a724,manager,Eastern Province
Valencia,2001,2845844,Dahua Technology Co. Ltd,23000,Spain,ignacio.alvarez@dahuatech.com,Ignacio Alvarez Mondaca,sales,Area Business Development Manager,Information Technology & Services,Area Business Development Manager,http://www.linkedin.com/in/ignacio-alvarez-mondaca-42438b113,manager,Valencian Community
,2001,2845844,Dahua Technology Co. Ltd,23000,Saudi Arabia,mohamed.radwan@dahuatech.com,Mohamed Radwan,,"Pre-sales Manager , Solutions Architect, Key Account Manager, Business Development Manager",Information Technology & Services,Solutions & Presales Manager,http://www.linkedin.com/in/mohamed-radwan,manager,
Nairobi,2001,2845844,Dahua Technology Co. Ltd,23000,Kenya,zephania.mwando@dahuatech.com,Zephania Mwando,,Solution Manager,Information Technology & Services,Solution Manager,http://www.linkedin.com/in/mwandotheboss,manager,Nairobi
,2001,2845844,Dahua Technology Co. Ltd,23000,Slovakia,marek.vavra@dahuatech.com,Marek Vavra,sales,--,Information Technology & Services,Country Sales Manager Cz&sk,http://www.linkedin.com/in/marek-vavra-69b4a6133,manager,
Belgrade,2001,2845844,Dahua Technology Co. Ltd,23000,Serbia,thierry.sun@dahuatech.com,Thierry Sun,operations,Distribution Manager At Dahua Technology Co. Ltd,Information Technology & Services,Distribution Manager,http://www.linkedin.com/in/thierry-sun-3b3a0225b,manager,
Zoetermeer,2001,2845844,Dahua Technology Co. Ltd,23000,Netherlands,ruan_weijie@dahuatech.com,Ruan Weijie,marketing,Marketing Manager Western Europe At Dahua Technology,Information Technology & Services,Marketing Manager - Western Europe,http://www.linkedin.com/in/wjruan,manager,South Holland
Riyadh,2001,2845844,Dahua Technology Co. Ltd,23000,Saudi Arabia,tariq@securityworld.com.sa,Tariq Qashou,engineering,,Information Technology & Services,Senior Solutions Engineer,http://www.linkedin.com/in/tariq-qashou-a1760a54,senior,Riyadh Province
